FIPS_COUNT,Year,Class,Percentage,County
39031,1938,Developed,1.820424482,Coshocton
39015,1938,Developed,0.396146134,Brown
39071,1938,Developed,0.683538828,Highland
39075,1938,Developed,0.540571299,Holmes
39079,1938,Developed,1.762114537,Jackson
39081,1938,Developed,4.565537555,Jefferson
39083,1938,Developed,0.792782941,Knox
39121,1938,Developed,0.560591603,Noble
39125,1938,Developed,0.593317972,Paulding
39131,1938,Developed,0.674096222,Pike
39149,1938,Developed,0.775558167,Shelby
39113,1938,Developed,14.73979433,Montgomery
39109,1938,Developed,2.020023557,Miami
39017,1938,Developed,4.67217744,Butler
39107,1938,Developed,0.912287855,Mercer
39135,1938,Developed,0.565834889,Preble
39001,1938,Developed,0.440456098,Adams
39137,1938,Developed,0.727453911,Putnam
39003,1938,Developed,2.639070098,Allen
39139,1938,Developed,2.200028948,Richland
39141,1938,Developed,0.90554472,Ross
39007,1938,Developed,1.880504642,Ashtabula
39145,1938,Developed,1.25342734,Scioto
39009,1938,Developed,1.266723598,Athens
39147,1938,Developed,1.283450474,Seneca
39011,1938,Developed,1.494867023,Auglaize
39013,1938,Developed,2.517264424,Belmont
39151,1938,Developed,7.939280516,Stark
39173,1938,Developed,1.454008242,Wood
39039,1938,Developed,0.897331313,Defiance
39041,1938,Developed,1.097741186,Delaware
39043,1938,Developed,3.544374825,Erie
39123,1938,Developed,2.259938283,Ottawa
39127,1938,Developed,2.392372485,Perry
39019,1938,Developed,1.621000423,Carroll
39163,1938,Developed,0.756077702,Vinton
39165,1938,Developed,1.054689815,Warren
39067,1938,Developed,2.621216574,Harrison
39129,1938,Developed,0.695701897,Pickaway
39143,1938,Developed,1.885025173,Sandusky
39153,1938,Developed,15.29668562,Summit
39021,1938,Developed,1.071829405,Champaign
39023,1938,Developed,4.497148004,Clark
39025,1938,Developed,0.907564789,Clermont
39085,1938,Developed,7.625704152,Lake
39087,1938,Developed,2.13338966,Lawrence
39091,1938,Developed,1.266542597,Logan
39093,1938,Developed,3.933352878,Lorain
39095,1938,Developed,21.38286032,Lucas
39097,1938,Developed,0.908715407,Madison
39101,1938,Developed,1.857381749,Marion
39103,1938,Developed,1.654401278,Medina
39105,1938,Developed,0.630298974,Meigs
39111,1938,Developed,0.559396274,Monroe
39115,1938,Developed,0.291812096,Morgan
39117,1938,Developed,0.331753555,Morrow
39119,1938,Developed,2.364464856,Muskingum
39175,1938,Developed,0.615858353,Wyandot
39047,1938,Developed,0.788148148,Fayette
39051,1938,Developed,0.823557294,Fulton
39053,1938,Developed,0.809094633,Gallia
39055,1938,Developed,0.573082831,Geauga
39057,1938,Developed,3.558161133,Greene
39063,1938,Developed,1.686485509,Hancock
39065,1938,Developed,0.712820513,Hardin
39069,1938,Developed,0.914108313,Henry
39159,1938,Developed,0.723876886,Union
39161,1938,Developed,0.98806093,Van Wert
39167,1938,Developed,1.678801826,Washington
39033,1938,Developed,1.605751947,Crawford
39169,1938,Developed,1.563582814,Wayne
39035,1938,Developed,47.39331511,Cuyahoga
39037,1938,Developed,0.909712998,Darke
39171,1938,Developed,1.049090598,Williams
39027,1938,Developed,1.029661265,Clinton
39061,1938,Developed,35.79070447,Hamilton
39049,1938,Developed,17.37722373,Franklin
39005,1938,Developed,0.950172502,Ashland
39077,1938,Developed,1.08002919,Huron
39155,1938,Developed,3.995598391,Trumbull
39133,1938,Developed,1.431032832,Portage
39157,1938,Developed,4.414125201,Tuscarawas
39099,1938,Developed,11.93436666,Mahoning
39029,1938,Developed,3.162786501,Columbiana
39045,1938,Developed,1.508968397,Fairfield
39089,1938,Developed,1.653676006,Licking
39073,1938,Developed,0.649609664,Hocking
39059,1938,Developed,1.278655585,Guernsey
39031,1938,Forest,26.07715537,Coshocton
39015,1938,Forest,26.13097276,Brown
39071,1938,Forest,18.55072464,Highland
39075,1938,Forest,22.55035848,Holmes
39079,1938,Forest,34.32690657,Jackson
39081,1938,Forest,48.60677467,Jefferson
39083,1938,Forest,19.32294514,Knox
39121,1938,Forest,33.93964695,Noble
39125,1938,Forest,5.743087558,Paulding
39131,1938,Forest,45.28948084,Pike
39149,1938,Forest,7.038777908,Shelby
39113,1938,Forest,10.98473045,Montgomery
39109,1938,Forest,6.802120141,Miami
39017,1938,Forest,23.4533039,Butler
39107,1938,Forest,3.93965649,Mercer
39135,1938,Forest,11.33933118,Preble
39001,1938,Forest,48.63129297,Adams
39137,1938,Forest,5.311410065,Putnam
39003,1938,Forest,6.310046258,Allen
39139,1938,Forest,22.03888648,Richland
39141,1938,Forest,27.22555029,Ross
39007,1938,Forest,42.4660795,Ashtabula
39145,1938,Forest,46.83509597,Scioto
39009,1938,Forest,34.0734415,Athens
39147,1938,Forest,6.609333392,Seneca
39011,1938,Forest,4.988893558,Auglaize
39013,1938,Forest,37.43372689,Belmont
39151,1938,Forest,16.95154918,Stark
39173,1938,Forest,4.334810668,Wood
39039,1938,Forest,10.45332712,Defiance
39041,1938,Forest,15.95946802,Delaware
39043,1938,Forest,14.96305995,Erie
39123,1938,Forest,9.103285533,Ottawa
39127,1938,Forest,27.09990641,Perry
39019,1938,Forest,26.12351055,Carroll
39163,1938,Forest,44.49226474,Vinton
39165,1938,Forest,23.4994371,Warren
39067,1938,Forest,33.94651778,Harrison
39129,1938,Forest,7.724197084,Pickaway
39143,1938,Forest,7.177145533,Sandusky
39153,1938,Forest,30.17979206,Summit
39021,1938,Forest,8.327721661,Champaign
39023,1938,Forest,8.658060642,Clark
39025,1938,Forest,39.42923093,Clermont
39085,1938,Forest,30.53411225,Lake
39087,1938,Forest,54.33278766,Lawrence
39091,1938,Forest,12.18465674,Logan
39093,1938,Forest,17.86866022,Lorain
39095,1938,Forest,16.22148024,Lucas
39097,1938,Forest,3.335398596,Madison
39101,1938,Forest,5.022694697,Marion
39103,1938,Forest,14.19932683,Medina
39105,1938,Forest,52.61044177,Meigs
39111,1938,Forest,40.04432952,Monroe
39115,1938,Forest,32.45408251,Morgan
39117,1938,Forest,12.26895735,Morrow
39119,1938,Forest,26.02346525,Muskingum
39175,1938,Forest,7.810741991,Wyandot
39047,1938,Forest,3.668148148,Fayette
39051,1938,Forest,7.382391279,Fulton
39053,1938,Forest,46.57414994,Gallia
39055,1938,Forest,38.48517074,Geauga
39057,1938,Forest,10.86022754,Greene
39063,1938,Forest,4.883121581,Hancock
39065,1938,Forest,4.774358974,Hardin
39069,1938,Forest,4.587788893,Henry
39159,1938,Forest,6.139139084,Union
39161,1938,Forest,3.052402517,Van Wert
39167,1938,Forest,40.68359301,Washington
39033,1938,Forest,7.052127022,Crawford
39169,1938,Forest,11.001386,Wayne
39035,1938,Forest,21.68383435,Cuyahoga
39037,1938,Forest,4.431831904,Darke
39171,1938,Forest,10.41678545,Williams
39027,1938,Forest,8.898379454,Clinton
39061,1938,Forest,34.3525285,Hamilton
39049,1938,Forest,11.09977375,Franklin
39005,1938,Forest,21.59945704,Ashland
39077,1938,Forest,10.69326198,Huron
39155,1938,Forest,31.44494194,Trumbull
39133,1938,Forest,33.91404231,Portage
39157,1938,Forest,31.1227507,Tuscarawas
39099,1938,Forest,27.65570885,Mahoning
39029,1938,Forest,31.68651868,Columbiana
39045,1938,Forest,17.70428016,Fairfield
39089,1938,Forest,16.42791939,Licking
39073,1938,Forest,42.95401447,Hocking
39059,1938,Forest,30.69686729,Guernsey
39031,1938,Agriculture,70.76262175,Coshocton
39015,1938,Agriculture,72.95935834,Brown
39071,1938,Agriculture,80.5277958,Highland
39075,1938,Agriculture,76.34573802,Holmes
39079,1938,Agriculture,63.4418445,Jackson
39081,1938,Agriculture,45.31369661,Jefferson
39083,1938,Agriculture,79.30107527,Knox
39121,1938,Agriculture,64.16984733,Noble
39125,1938,Agriculture,93.44470046,Paulding
39131,1938,Agriculture,53.62326719,Pike
39149,1938,Agriculture,91.90364277,Shelby
39113,1938,Agriculture,73.83920224,Montgomery
39109,1938,Agriculture,91.06007067,Miami
39017,1938,Agriculture,71.49971762,Butler
39107,1938,Agriculture,91.52438714,Mercer
39135,1938,Agriculture,87.9646919,Preble
39001,1938,Agriculture,50.5083769,Adams
39137,1938,Agriculture,93.78176383,Putnam
39003,1938,Agriculture,90.76028941,Allen
39139,1938,Agriculture,74.70449173,Richland
39141,1938,Agriculture,71.58331011,Ross
39007,1938,Agriculture,51.56935424,Ashtabula
39145,1938,Agriculture,51.36701919,Scioto
39009,1938,Agriculture,64.24708227,Athens
39147,1938,Agriculture,91.96315537,Seneca
39011,1938,Agriculture,92.52566489,Auglaize
39013,1938,Agriculture,58.69013143,Belmont
39151,1938,Agriculture,73.54127677,Stark
39173,1938,Agriculture,93.61247181,Wood
39039,1938,Agriculture,88.0666589,Defiance
39041,1938,Agriculture,81.15368377,Delaware
39043,1938,Agriculture,77.20938932,Erie
39123,1938,Agriculture,79.40642585,Ottawa
39127,1938,Agriculture,69.86429574,Perry
39019,1938,Agriculture,71.21514547,Carroll
39163,1938,Agriculture,54.35617076,Vinton
39165,1938,Agriculture,74.75262191,Warren
39067,1938,Agriculture,61.33411696,Harrison
39129,1938,Agriculture,91.28943105,Pickaway
39143,1938,Agriculture,89.33965578,Sandusky
39153,1938,Agriculture,51.65144466,Summit
39021,1938,Agriculture,90.23569024,Champaign
39023,1938,Agriculture,86.67066947,Clark
39025,1938,Agriculture,59.04417165,Clermont
39085,1938,Agriculture,58.50198206,Lake
39087,1938,Agriculture,43.16945662,Lawrence
39091,1938,Agriculture,84.75496278,Logan
39093,1938,Agriculture,77.19143946,Lorain
39095,1938,Agriculture,57.89510295,Lucas
39097,1938,Agriculture,95.51321768,Madison
39101,1938,Agriculture,92.80936455,Marion
39103,1938,Agriculture,83.35330025,Medina
39105,1938,Agriculture,45.91142347,Meigs
39111,1938,Agriculture,58.69439021,Monroe
39115,1938,Agriculture,66.28139841,Morgan
39117,1938,Agriculture,87.20379147,Morrow
39119,1938,Agriculture,70.44957124,Muskingum
39175,1938,Agriculture,90.97530645,Wyandot
39047,1938,Agriculture,95.34222222,Fayette
39051,1938,Agriculture,91.61630525,Fulton
39053,1938,Agriculture,51.82302335,Gallia
39055,1938,Agriculture,57.86364173,Geauga
39057,1938,Agriculture,85.4074762,Greene
39063,1938,Agriculture,93.31283628,Hancock
39065,1938,Agriculture,94.39487179,Hardin
39069,1938,Agriculture,93.67598022,Henry
39159,1938,Agriculture,93.00436536,Union
39161,1938,Agriculture,95.8595542,Van Wert
39167,1938,Agriculture,56.91704078,Washington
39033,1938,Agriculture,91.01258238,Crawford
39169,1938,Agriculture,85.86278586,Wayne
39035,1938,Agriculture,29.88753416,Cuyahoga
39037,1938,Agriculture,94.60612647,Darke
39171,1938,Agriculture,88.11790866,Williams
39027,1938,Agriculture,89.95495232,Clinton
39061,1938,Agriculture,28.47120725,Hamilton
39049,1938,Agriculture,70.90634843,Franklin
39005,1938,Agriculture,76.43798428,Ashland
39077,1938,Agriculture,87.80831914,Huron
39155,1938,Agriculture,61.74774228,Trumbull
39133,1938,Agriculture,60.79735809,Portage
39157,1938,Agriculture,63.04384557,Tuscarawas
39099,1938,Agriculture,56.73650145,Mahoning
39029,1938,Agriculture,63.99115683,Columbiana
39045,1938,Agriculture,80.0749739,Fairfield
39089,1938,Agriculture,81.47250895,Licking
39073,1938,Agriculture,56.10576101,Hocking
39059,1938,Agriculture,67.25728377,Guernsey
39031,1938,Nontarget,1.339798392,Coshocton
39015,1938,Nontarget,0.513522766,Brown
39071,1938,Nontarget,0.237940731,Highland
39075,1938,Nontarget,0.563332195,Holmes
39079,1938,Nontarget,0.46913439,Jackson
39081,1938,Nontarget,1.513991163,Jefferson
39083,1938,Nontarget,0.583196647,Knox
39121,1938,Nontarget,1.329914122,Noble
39125,1938,Nontarget,0.218894009,Paulding
39131,1938,Nontarget,0.413155749,Pike
39149,1938,Nontarget,0.282021152,Shelby
39113,1938,Nontarget,0.436272982,Montgomery
39109,1938,Nontarget,0.11778563,Miami
39017,1938,Nontarget,0.374801047,Butler
39107,1938,Nontarget,3.623668518,Mercer
39135,1938,Nontarget,0.130142025,Preble
39001,1938,Nontarget,0.419874038,Adams
39137,1938,Nontarget,0.179372197,Putnam
39003,1938,Nontarget,0.290594236,Allen
39139,1938,Nontarget,1.05659285,Richland
39141,1938,Nontarget,0.285594873,Ross
39007,1938,Nontarget,4.084061618,Ashtabula
39145,1938,Nontarget,0.544457501,Scioto
39009,1938,Nontarget,0.412752633,Athens
39147,1938,Nontarget,0.144060767,Seneca
39011,1938,Nontarget,0.990574533,Auglaize
39013,1938,Nontarget,1.358877256,Belmont
39151,1938,Nontarget,1.567893533,Stark
39173,1938,Nontarget,0.598709276,Wood
39039,1938,Nontarget,0.582682671,Defiance
39041,1938,Nontarget,1.78910703,Delaware
39043,1938,Nontarget,4.283175909,Erie
39123,1938,Nontarget,9.230350336,Ottawa
39127,1938,Nontarget,0.643425363,Perry
39019,1938,Nontarget,1.040343555,Carroll
39163,1938,Nontarget,0.395486798,Vinton
39165,1938,Nontarget,0.69325117,Warren
39067,1938,Nontarget,2.098148692,Harrison
39129,1938,Nontarget,0.29066997,Pickaway
39143,1938,Nontarget,1.598173516,Sandusky
39153,1938,Nontarget,2.872077661,Summit
39021,1938,Nontarget,0.364758698,Champaign
39023,1938,Nontarget,0.174121885,Clark
39025,1938,Nontarget,0.61903263,Clermont
39085,1938,Nontarget,3.338201544,Lake
39087,1938,Nontarget,0.364366056,Lawrence
39091,1938,Nontarget,1.793837883,Logan
39093,1938,Nontarget,1.006547445,Lorain
39095,1938,Nontarget,4.500556483,Lucas
39097,1938,Nontarget,0.242668319,Madison
39101,1938,Nontarget,0.310559006,Marion
39103,1938,Nontarget,0.792971647,Medina
39105,1938,Nontarget,0.847835788,Meigs
39111,1938,Nontarget,0.701884004,Monroe
39115,1938,Nontarget,0.972706986,Morgan
39117,1938,Nontarget,0.19549763,Morrow
39119,1938,Nontarget,1.162498655,Muskingum
39175,1938,Nontarget,0.598093208,Wyandot
39047,1938,Nontarget,0.201481481,Fayette
39051,1938,Nontarget,0.177746178,Fulton
39053,1938,Nontarget,0.793732077,Gallia
39055,1938,Nontarget,3.078104691,Geauga
39057,1938,Nontarget,0.174135129,Greene
39063,1938,Nontarget,0.117556631,Hancock
39065,1938,Nontarget,0.117948718,Hardin
39069,1938,Nontarget,0.822122571,Henry
39159,1938,Nontarget,0.132618666,Union
39161,1938,Nontarget,0.099982356,Van Wert
39167,1938,Nontarget,0.720564379,Washington
39033,1938,Nontarget,0.329538646,Crawford
39169,1938,Nontarget,1.572245322,Wayne
39035,1938,Nontarget,1.035316376,Cuyahoga
39037,1938,Nontarget,0.052328624,Darke
39171,1938,Nontarget,0.416215292,Williams
39027,1938,Nontarget,0.117006962,Clinton
39061,1938,Nontarget,1.385559778,Hamilton
39049,1938,Nontarget,0.616654097,Franklin
39005,1938,Nontarget,1.012386177,Ashland
39077,1938,Nontarget,0.418389686,Huron
39155,1938,Nontarget,2.811717386,Trumbull
39133,1938,Nontarget,3.857566766,Portage
39157,1938,Nontarget,1.419278533,Tuscarawas
39099,1938,Nontarget,3.67342304,Mahoning
39029,1938,Nontarget,1.15953799,Columbiana
39045,1938,Nontarget,0.711777546,Fairfield
39089,1938,Nontarget,0.445895653,Licking
39073,1938,Nontarget,0.29061485,Hocking
39059,1938,Nontarget,0.767193351,Guernsey
39031,1970,Developed,1.769384543,Coshocton
39015,1970,Developed,0.792292268,Brown
39071,1970,Developed,1.029634437,Highland
39075,1970,Developed,0.63730511,Holmes
39079,1970,Developed,2.294181589,Jackson
39081,1970,Developed,4.842415317,Jefferson
39083,1970,Developed,1.211955531,Knox
39121,1970,Developed,0.805104962,Noble
39125,1970,Developed,0.720046083,Paulding
39131,1970,Developed,1.136178309,Pike
39149,1970,Developed,1.292596945,Shelby
39113,1970,Developed,21.09691493,Montgomery
39109,1970,Developed,3.209658422,Miami
39017,1970,Developed,11.67530934,Butler
39107,1970,Developed,1.095764742,Mercer
39135,1970,Developed,1.120353081,Preble
39001,1970,Developed,0.625694645,Adams
39137,1970,Developed,0.906826109,Putnam
39003,1970,Developed,3.647254181,Allen
39139,1970,Developed,3.816278284,Richland
39141,1970,Developed,1.316522708,Ross
39007,1970,Developed,2.897269358,Ashtabula
39145,1970,Developed,1.641206424,Scioto
39009,1970,Developed,1.840781858,Athens
39147,1970,Developed,1.58903392,Seneca
39011,1970,Developed,1.807048088,Auglaize
39013,1970,Developed,3.132100691,Belmont
39151,1970,Developed,12.43501768,Stark
39173,1970,Developed,2.309307208,Wood
39039,1970,Developed,1.27607505,Defiance
39041,1970,Developed,2.306312012,Delaware
39043,1970,Developed,5.704666604,Erie
39123,1970,Developed,3.92085678,Ottawa
39127,1970,Developed,2.000467946,Perry
39019,1970,Developed,1.572612351,Carroll
39163,1970,Developed,0.849133419,Vinton
39165,1970,Developed,5.149019375,Warren
39067,1970,Developed,1.974728181,Harrison
39129,1970,Developed,1.486705423,Pickaway
39143,1970,Developed,2.657768411,Sandusky
39153,1970,Developed,24.13694066,Summit
39021,1970,Developed,1.285072952,Champaign
39023,1970,Developed,6.89882918,Clark
39025,1970,Developed,5.125380338,Clermont
39085,1970,Developed,20.70728145,Lake
39087,1970,Developed,2.71954375,Lawrence
39091,1970,Developed,1.514681555,Logan
39093,1970,Developed,7.695690413,Lorain
39095,1970,Developed,23.38619922,Lucas
39097,1970,Developed,1.239157373,Madison
39101,1970,Developed,2.394887721,Marion
39103,1970,Developed,3.360146044,Medina
39105,1970,Developed,0.73070058,Meigs
39111,1970,Developed,0.680774711,Monroe
39115,1970,Developed,0.389082795,Morgan
39117,1970,Developed,0.47985782,Morrow
39119,1970,Developed,2.999533565,Muskingum
39175,1970,Developed,0.657310357,Wyandot
39047,1970,Developed,1.037037037,Fayette
39051,1970,Developed,1.054627326,Fulton
39053,1970,Developed,1.11634576,Gallia
39055,1970,Developed,1.991019733,Geauga
39057,1970,Developed,6.100534014,Greene
39063,1970,Developed,2.102455125,Hancock
39065,1970,Developed,0.774358974,Hardin
39069,1970,Developed,1.149821778,Henry
39159,1970,Developed,1.072000884,Union
39161,1970,Developed,1.058636711,Van Wert
39167,1970,Developed,2.169238314,Washington
39033,1970,Developed,1.827441582,Crawford
39169,1970,Developed,2.681046431,Wayne
39035,1970,Developed,52.66974984,Cuyahoga
39037,1970,Developed,1.070724148,Darke
39171,1970,Developed,1.396886938,Williams
39027,1970,Developed,1.620546423,Clinton
39061,1970,Developed,47.95089155,Hamilton
39049,1970,Developed,28.27292489,Franklin
39005,1970,Developed,1.323454556,Ashland
39077,1970,Developed,1.44003892,Huron
39155,1970,Developed,7.342338924,Trumbull
39133,1970,Developed,3.92935771,Portage
39157,1970,Developed,4.359212638,Tuscarawas
39099,1970,Developed,14.92647476,Mahoning
39029,1970,Developed,4.353907237,Columbiana
39045,1970,Developed,2.733225776,Fairfield
39089,1970,Developed,2.847412401,Licking
39073,1970,Developed,0.87754288,Hocking
39059,1970,Developed,1.657685633,Guernsey
39031,1970,Forest,48.08387563,Coshocton
39015,1970,Forest,28.46872402,Brown
39071,1970,Forest,20.57105775,Highland
39075,1970,Forest,37.48150677,Holmes
39079,1970,Forest,60.5641055,Jackson
39081,1970,Forest,61.83210604,Jefferson
39083,1970,Forest,32.01658465,Knox
39121,1970,Forest,59.14241412,Noble
39125,1970,Forest,5.483870968,Paulding
39131,1970,Forest,63.6151128,Pike
39149,1970,Forest,7.737955347,Shelby
39113,1970,Forest,11.06263634,Montgomery
39109,1970,Forest,7.449941107,Miami
39017,1970,Forest,21.67171536,Butler
39107,1970,Forest,4.510473472,Mercer
39135,1970,Forest,11.88253268,Preble
39001,1970,Forest,56.40719549,Adams
39137,1970,Forest,4.843049327,Putnam
39003,1970,Forest,7.54951963,Allen
39139,1970,Forest,31.97761374,Richland
39141,1970,Forest,39.96238507,Ross
39007,1970,Forest,51.30411127,Ashtabula
39145,1970,Forest,70.30552291,Scioto
39009,1970,Forest,62.16434197,Athens
39147,1970,Forest,7.609027808,Seneca
39011,1970,Forest,6.12355166,Auglaize
39013,1970,Forest,53.74025395,Belmont
39151,1970,Forest,25.95134124,Stark
39173,1970,Forest,4.614726693,Wood
39039,1970,Forest,10.85537816,Defiance
39041,1970,Forest,17.93856871,Delaware
39043,1970,Forest,18.97503039,Erie
39123,1970,Forest,8.685786894,Ottawa
39127,1970,Forest,50.40360318,Perry
39019,1970,Forest,49.73688986,Carroll
39163,1970,Forest,73.6187042,Vinton
39165,1970,Forest,22.89506429,Warren
39067,1970,Forest,57.4551866,Harrison
39129,1970,Forest,7.838559039,Pickaway
39143,1970,Forest,7.756702962,Sandusky
39153,1970,Forest,40.3182262,Summit
39021,1970,Forest,8.91694725,Champaign
39023,1970,Forest,9.198438907,Clark
39025,1970,Forest,41.74798027,Clermont
39085,1970,Forest,44.64844565,Lake
39087,1970,Forest,77.54660189,Lawrence
39091,1970,Forest,13.73035567,Logan
39093,1970,Forest,27.12791948,Lorain
39095,1970,Forest,17.27184196,Lucas
39097,1970,Forest,3.72779843,Madison
39101,1970,Forest,6.175346393,Marion
39103,1970,Forest,28.83222089,Medina
39105,1970,Forest,64.74230254,Meigs
39111,1970,Forest,68.90601087,Monroe
39115,1970,Forest,59.01470504,Morgan
39117,1970,Forest,19.89336493,Morrow
39119,1970,Forest,46.89462165,Muskingum
39175,1970,Forest,8.622016936,Wyandot
39047,1970,Forest,4.005925926,Fayette
39051,1970,Forest,7.536437967,Fulton
39053,1970,Forest,62.41806637,Gallia
39055,1970,Forest,58.61396668,Geauga
39057,1970,Forest,11.22591131,Greene
39063,1970,Forest,5.40760501,Hancock
39065,1970,Forest,5.779487179,Hardin
39069,1970,Forest,4.720018397,Henry
39159,1970,Forest,7.470851522,Union
39161,1970,Forest,3.28765512,Van Wert
39167,1970,Forest,59.54276229,Washington
39033,1970,Forest,8.17855003,Crawford
39169,1970,Forest,17.46794872,Wayne
39035,1970,Forest,29.85600168,Cuyahoga
39037,1970,Forest,4.870587288,Darke
39171,1970,Forest,12.01322766,Williams
39027,1970,Forest,9.190896858,Clinton
39061,1970,Forest,31.28909676,Hamilton
39049,1970,Forest,11.81402777,Franklin
39005,1970,Forest,32.30020926,Ashland
39077,1970,Forest,14.21065434,Huron
39155,1970,Forest,44.61561812,Trumbull
39133,1970,Forest,45.45802623,Portage
39157,1970,Forest,49.74233336,Tuscarawas
39099,1970,Forest,36.93862488,Mahoning
39029,1970,Forest,43.89550623,Columbiana
39045,1970,Forest,21.92749359,Fairfield
39089,1970,Forest,31.124921,Licking
39073,1970,Forest,71.47415807,Hocking
39059,1970,Forest,57.72673303,Guernsey
39031,1970,Agriculture,48.22848879,Coshocton
39015,1970,Agriculture,70.24502372,Brown
39071,1970,Agriculture,77.59030932,Highland
39075,1970,Agriculture,61.13576875,Holmes
39079,1970,Agriculture,36.51238629,Jackson
39081,1970,Agriculture,31.20471281,Jefferson
39083,1970,Agriculture,66.0606889,Knox
39121,1970,Agriculture,38.31703244,Noble
39125,1970,Agriculture,93.45046083,Paulding
39131,1970,Agriculture,34.50394129,Pike
39149,1970,Agriculture,90.62867215,Shelby
39113,1970,Agriculture,67.24836398,Montgomery
39109,1970,Agriculture,89.10482921,Miami
39017,1970,Agriculture,65.88797043,Butler
39107,1970,Agriculture,90.82105907,Mercer
39135,1970,Agriculture,86.7141968,Preble
39001,1970,Agriculture,42.4031614,Adams
39137,1970,Agriculture,94.14549078,Putnam
39003,1970,Agriculture,88.50077096,Allen
39139,1970,Agriculture,62.93240701,Richland
39141,1970,Agriculture,57.98969072,Ross
39007,1970,Agriculture,41.43571259,Ashtabula
39145,1970,Agriculture,27.21112417,Scioto
39009,1970,Agriculture,35.22630231,Athens
39147,1970,Agriculture,90.6185882,Seneca
39011,1970,Agriculture,91.03680134,Auglaize
39013,1970,Agriculture,41.28759189,Belmont
39151,1970,Agriculture,59.58411312,Stark
39173,1970,Agriculture,92.34896198,Wood
39039,1970,Agriculture,86.87215942,Defiance
39041,1970,Agriculture,76.90521427,Delaware
39043,1970,Agriculture,70.82203311,Erie
39123,1970,Agriculture,77.70012706,Ottawa
39127,1970,Agriculture,46.57229761,Perry
39019,1970,Agriculture,47.19046755,Carroll
39163,1970,Agriculture,24.94474817,Vinton
39165,1970,Agriculture,71.04343189,Warren
39067,1970,Agriculture,37.60799295,Harrison
39129,1970,Agriculture,90.16010674,Pickaway
39143,1970,Agriculture,87.62439995,Sandusky
39153,1970,Agriculture,32.40852433,Summit
39021,1970,Agriculture,89.47250281,Champaign
39023,1970,Agriculture,83.6745722,Clark
39025,1970,Agriculture,52.45514636,Clermont
39085,1970,Agriculture,31.20175256,Lake
39087,1970,Agriculture,19.08433226,Lawrence
39091,1970,Agriculture,82.93010753,Logan
39093,1970,Agriculture,64.08189192,Lorain
39095,1970,Agriculture,54.5214246,Lucas
39097,1970,Agriculture,94.80070219,Madison
39101,1970,Agriculture,91.05948399,Marion
39103,1970,Agriculture,66.74082948,Medina
39105,1970,Agriculture,33.46162427,Meigs
39111,1970,Agriculture,29.55301071,Monroe
39115,1970,Agriculture,39.07993363,Morgan
39117,1970,Agriculture,79.28909953,Morrow
39119,1970,Agriculture,48.10735173,Muskingum
39175,1970,Agriculture,90.03375378,Wyandot
39047,1970,Agriculture,94.83851852,Fayette
39051,1970,Agriculture,91.20156417,Fulton
39053,1970,Agriculture,35.33387956,Gallia
39055,1970,Agriculture,35.47205483,Geauga
39057,1970,Agriculture,82.45298352,Greene
39063,1970,Agriculture,92.32716915,Hancock
39065,1970,Agriculture,93.33333333,Hardin
39069,1970,Agriculture,93.17005864,Henry
39159,1970,Agriculture,91.31347737,Union
39161,1970,Agriculture,95.57725107,Van Wert
39167,1970,Agriculture,37.12981477,Washington
39033,1970,Agriculture,89.70041941,Crawford
39169,1970,Agriculture,78.16181566,Wayne
39035,1970,Agriculture,16.35484549,Cuyahoga
39037,1970,Agriculture,93.99025883,Darke
39171,1970,Agriculture,86.11095273,Williams
39027,1970,Agriculture,88.87263792,Clinton
39061,1970,Agriculture,19.22829582,Hamilton
39049,1970,Agriculture,58.76402999,Franklin
39005,1970,Agriculture,65.34132685,Ashland
39077,1970,Agriculture,83.90659207,Huron
39155,1970,Agriculture,43.21924566,Trumbull
39133,1970,Agriculture,45.03685268,Portage
39157,1970,Agriculture,43.72729577,Tuscarawas
39099,1970,Agriculture,44.04133311,Mahoning
39029,1970,Agriculture,50.08121278,Columbiana
39045,1970,Agriculture,74.5373446,Fairfield
39089,1970,Agriculture,65.57825995,Licking
39073,1970,Agriculture,27.04997436,Hocking
39059,1970,Agriculture,39.42825829,Guernsey
39031,1970,Nontarget,1.918251031,Coshocton
39015,1970,Nontarget,0.493959994,Brown
39071,1970,Nontarget,0.808998486,Highland
39075,1970,Nontarget,0.74541937,Holmes
39079,1970,Nontarget,0.629326621,Jackson
39081,1970,Nontarget,2.120765832,Jefferson
39083,1970,Nontarget,0.710770913,Knox
39121,1970,Nontarget,1.735448473,Noble
39125,1970,Nontarget,0.34562212,Paulding
39131,1970,Nontarget,0.7447676,Pike
39149,1970,Nontarget,0.340775558,Shelby
39113,1970,Nontarget,0.592084762,Montgomery
39109,1970,Nontarget,0.23557126,Miami
39017,1970,Nontarget,0.765004878,Butler
39107,1970,Nontarget,3.572702716,Mercer
39135,1970,Nontarget,0.282917445,Preble
39001,1970,Nontarget,0.563948463,Adams
39137,1970,Nontarget,0.104633782,Putnam
39003,1970,Nontarget,0.302455225,Allen
39139,1970,Nontarget,1.27370097,Richland
39141,1970,Nontarget,0.731401505,Ross
39007,1970,Nontarget,4.362906791,Ashtabula
39145,1970,Nontarget,0.842146494,Scioto
39009,1970,Nontarget,0.768573868,Athens
39147,1970,Nontarget,0.183350068,Seneca
39011,1970,Nontarget,1.032598907,Auglaize
39013,1970,Nontarget,1.840053464,Belmont
39151,1970,Nontarget,2.029527968,Stark
39173,1970,Nontarget,0.727004121,Wood
39039,1970,Nontarget,0.996387367,Defiance
39041,1970,Nontarget,2.849905003,Delaware
39043,1970,Nontarget,4.498269896,Erie
39123,1970,Nontarget,9.693229261,Ottawa
39127,1970,Nontarget,1.023631259,Perry
39019,1970,Nontarget,1.500030243,Carroll
39163,1970,Nontarget,0.587414214,Vinton
39165,1970,Nontarget,0.912484446,Warren
39067,1970,Nontarget,2.962092272,Harrison
39129,1970,Nontarget,0.5146288,Pickaway
39143,1970,Nontarget,1.961128673,Sandusky
39153,1970,Nontarget,3.136308806,Summit
39021,1970,Nontarget,0.325476992,Champaign
39023,1970,Nontarget,0.228159712,Clark
39025,1970,Nontarget,0.671493023,Clermont
39085,1970,Nontarget,3.442520342,Lake
39087,1970,Nontarget,0.6495221,Lawrence
39091,1970,Nontarget,1.824855252,Logan
39093,1970,Nontarget,1.094498192,Lorain
39095,1970,Nontarget,4.820534224,Lucas
39097,1970,Nontarget,0.232342007,Madison
39101,1970,Nontarget,0.370281892,Marion
39103,1970,Nontarget,1.066803583,Medina
39105,1970,Nontarget,1.065372602,Meigs
39111,1970,Nontarget,0.860203705,Monroe
39115,1970,Nontarget,1.516278538,Morgan
39117,1970,Nontarget,0.337677725,Morrow
39119,1970,Nontarget,1.998493057,Muskingum
39175,1970,Nontarget,0.686918932,Wyandot
39047,1970,Nontarget,0.118518519,Fayette
39051,1970,Nontarget,0.207370542,Fulton
39053,1970,Nontarget,1.131708316,Gallia
39055,1970,Nontarget,3.922958762,Geauga
39057,1970,Nontarget,0.220571163,Greene
39063,1970,Nontarget,0.162770719,Hancock
39065,1970,Nontarget,0.112820513,Hardin
39069,1970,Nontarget,0.960101184,Henry
39159,1970,Nontarget,0.143670222,Union
39161,1970,Nontarget,0.076457096,Van Wert
39167,1970,Nontarget,1.15818463,Washington
39033,1970,Nontarget,0.293588975,Crawford
39169,1970,Nontarget,1.689189189,Wayne
39035,1970,Nontarget,1.119402985,Cuyahoga
39037,1970,Nontarget,0.068429739,Darke
39171,1970,Nontarget,0.478932664,Williams
39027,1970,Nontarget,0.315918797,Clinton
39061,1970,Nontarget,1.531715873,Hamilton
39049,1970,Nontarget,1.149017346,Franklin
39005,1970,Nontarget,1.035009332,Ashland
39077,1970,Nontarget,0.442714668,Huron
39155,1970,Nontarget,4.822797298,Trumbull
39133,1970,Nontarget,5.575763377,Portage
39157,1970,Nontarget,2.171158233,Tuscarawas
39099,1970,Nontarget,4.093567251,Mahoning
39029,1970,Nontarget,1.669373759,Columbiana
39045,1970,Nontarget,0.801936035,Fairfield
39089,1970,Nontarget,0.449406643,Licking
39073,1970,Nontarget,0.598324691,Hocking
39059,1970,Nontarget,1.187323043,Guernsey
39031,1992,Developed,1.731104589,Coshocton
39015,1992,Developed,1.188438402,Brown
39071,1992,Developed,1.315163314,Highland
39075,1992,Developed,0.768180266,Holmes
39079,1992,Developed,2.482979575,Jackson
39081,1992,Developed,5.060382916,Jefferson
39083,1992,Developed,1.571897212,Knox
39121,1992,Developed,1.145038168,Noble
39125,1992,Developed,0.967741935,Paulding
39131,1992,Developed,1.282957325,Pike
39149,1992,Developed,2.185663925,Shelby
39113,1992,Developed,31.10522489,Montgomery
39109,1992,Developed,5.188457008,Miami
39017,1992,Developed,15.79812086,Butler
39107,1992,Developed,1.57993986,Mercer
39135,1992,Developed,1.929496973,Preble
39001,1992,Developed,0.889145021,Adams
39137,1992,Developed,1.240657698,Putnam
39003,1992,Developed,6.126200925,Allen
39139,1992,Developed,6.035605732,Richland
39141,1992,Developed,1.522011702,Ross
39007,1992,Developed,3.570578434,Ashtabula
39145,1992,Developed,1.907559734,Scioto
39009,1992,Developed,2.10171743,Athens
39147,1992,Developed,2.121622212,Seneca
39011,1992,Developed,2.629525125,Auglaize
39013,1992,Developed,3.519714859,Belmont
39151,1992,Developed,17.69598669,Stark
39173,1992,Developed,3.841069901,Wood
39039,1992,Developed,1.643165132,Defiance
39041,1992,Developed,3.842094152,Delaware
39043,1992,Developed,7.247732161,Erie
39123,1992,Developed,5.22780904,Ottawa
39127,1992,Developed,1.895180159,Perry
39019,1992,Developed,1.487933224,Carroll
39163,1992,Developed,0.930557171,Vinton
39165,1992,Developed,7.613912425,Warren
39067,1992,Developed,1.445783133,Harrison
39129,1992,Developed,2.363480416,Pickaway
39143,1992,Developed,3.49490692,Sandusky
39153,1992,Developed,31.36883221,Summit
39021,1992,Developed,1.947250281,Champaign
39023,1992,Developed,9.648754128,Clark
39025,1992,Developed,7.554296506,Clermont
39085,1992,Developed,28.62507824,Lake
39087,1992,Developed,3.073348471,Lawrence
39091,1992,Developed,2.29528536,Logan
39093,1992,Developed,10.58829278,Lorain
39095,1992,Developed,27.10072343,Lucas
39097,1992,Developed,2.106567534,Madison
39101,1992,Developed,3.523650263,Marion
39103,1992,Developed,6.286724856,Medina
39105,1992,Developed,0.808790718,Meigs
39111,1992,Developed,0.828539765,Monroe
39115,1992,Developed,0.434857241,Morgan
39117,1992,Developed,0.776066351,Morrow
39119,1992,Developed,3.336801694,Muskingum
39175,1992,Developed,0.888257239,Wyandot
39047,1992,Developed,1.505185185,Fayette
39051,1992,Developed,1.718213058,Fulton
39053,1992,Developed,1.367267513,Gallia
39055,1992,Developed,3.863878057,Geauga
39057,1992,Developed,11.46970049,Greene
39063,1992,Developed,3.174029027,Hancock
39065,1992,Developed,0.994871795,Hardin
39069,1992,Developed,1.425779004,Henry
39159,1992,Developed,2.044537769,Union
39161,1992,Developed,1.299770629,Van Wert
39167,1992,Developed,2.418229147,Washington
39033,1992,Developed,2.468544038,Crawford
39169,1992,Developed,3.703222453,Wayne
39035,1992,Developed,60.47929367,Cuyahoga
39037,1992,Developed,1.549732319,Darke
39171,1992,Developed,2.229317521,Williams
39027,1992,Developed,2.410343415,Clinton
39061,1992,Developed,53.82052032,Hamilton
39049,1992,Developed,42.4470964,Franklin
39005,1992,Developed,1.730671342,Ashland
39077,1992,Developed,2.179518365,Huron
39155,1992,Developed,9.896030963,Trumbull
39133,1992,Developed,5.427395425,Portage
39157,1992,Developed,4.11421813,Tuscarawas
39099,1992,Developed,16.78873559,Mahoning
39029,1992,Developed,5.152499549,Columbiana
39045,1992,Developed,4.697731802,Fairfield
39089,1992,Developed,4.258830138,Licking
39073,1992,Developed,0.974414497,Hocking
39059,1992,Developed,1.863183852,Guernsey
39031,1992,Forest,52.84334992,Coshocton
39015,1992,Forest,30.40054776,Brown
39071,1992,Forest,22.02898551,Highland
39075,1992,Forest,37.87413224,Holmes
39079,1992,Forest,64.95222839,Jackson
39081,1992,Forest,63.46980854,Jefferson
39083,1992,Forest,33.92564243,Knox
39121,1992,Forest,63.48998092,Noble
39125,1992,Forest,5.408986175,Paulding
39131,1992,Forest,65.86028812,Pike
39149,1992,Forest,8.901292597,Shelby
39113,1992,Forest,12.18967487,Montgomery
39109,1992,Forest,8.333333333,Miami
39017,1992,Forest,20.50623813,Butler
39107,1992,Forest,5.376892105,Mercer
39135,1992,Forest,12.29559215,Preble
39001,1992,Forest,57.4980447,Adams
39137,1992,Forest,4.399601395,Putnam
39003,1992,Forest,9.672636698,Allen
39139,1992,Forest,33.01973272,Richland
39141,1992,Forest,42.71384787,Ross
39007,1992,Forest,52.26986772,Ashtabula
39145,1992,Forest,73.39992166,Scioto
39009,1992,Forest,67.54435905,Athens
39147,1992,Forest,9.19369625,Seneca
39011,1992,Forest,8.206759921,Auglaize
39013,1992,Forest,55.96792159,Belmont
39151,1992,Forest,26.18839676,Stark
39173,1992,Forest,4.937407667,Wood
39039,1992,Forest,11.18168046,Defiance
39041,1992,Forest,21.34262191,Delaware
39043,1992,Forest,21.06050687,Erie
39123,1992,Forest,9.039753131,Ottawa
39127,1992,Forest,54.50982686,Perry
39019,1992,Forest,54.90836509,Carroll
39163,1992,Forest,79.35907875,Vinton
39165,1992,Forest,22.90691474,Warren
39067,1992,Forest,61.33999412,Harrison
39129,1992,Forest,8.105403602,Pickaway
39143,1992,Forest,8.113804004,Sandusky
39153,1992,Forest,41.58194038,Summit
39021,1992,Forest,10.15151515,Champaign
39023,1992,Forest,10.09306515,Clark
39025,1992,Forest,43.23260938,Clermont
39085,1992,Forest,47.59023576,Lake
39087,1992,Forest,80.30311031,Lawrence
39091,1992,Forest,15.2346981,Logan
39093,1992,Forest,31.34466921,Lorain
39095,1992,Forest,18.3082916,Lucas
39097,1992,Forest,4.347377117,Madison
39101,1992,Forest,8.20592451,Marion
39103,1992,Forest,32.74573564,Medina
39105,1992,Forest,65.71285141,Meigs
39111,1992,Forest,74.00918254,Monroe
39115,1992,Forest,63.8038565,Morgan
39117,1992,Forest,23.24052133,Morrow
39119,1992,Forest,50.85931614,Muskingum
39175,1992,Forest,9.214188429,Wyandot
39047,1992,Forest,4.420740741,Fayette
39051,1992,Forest,6.890626852,Fulton
39053,1992,Forest,63.48832446,Gallia
39055,1992,Forest,60.6463429,Geauga
39057,1992,Forest,11.73670769,Greene
39063,1992,Forest,6.56960709,Hancock
39065,1992,Forest,7.451282051,Hardin
39069,1992,Forest,4.817753248,Henry
39159,1992,Forest,9.382770625,Union
39161,1992,Forest,3.946362407,Van Wert
39167,1992,Forest,62.39106651,Washington
39033,1992,Forest,10.23367286,Crawford
39169,1992,Forest,18.000693,Wayne
39035,1992,Forest,30.00315325,Cuyahoga
39037,1992,Forest,5.731996941,Darke
39171,1992,Forest,13.02810879,Williams
39027,1992,Forest,9.875387586,Clinton
39061,1992,Forest,28.92136802,Hamilton
39049,1992,Forest,13.53089925,Franklin
39005,1992,Forest,33.51620383,Ashland
39077,1992,Forest,18.69131598,Huron
39155,1992,Forest,48.3797526,Trumbull
39133,1992,Forest,47.09964583,Portage
39157,1992,Forest,53.47216355,Tuscarawas
39099,1992,Forest,38.34667575,Mahoning
39029,1992,Forest,44.08951453,Columbiana
39045,1992,Forest,23.59305305,Fairfield
39089,1992,Forest,35.93848747,Licking
39073,1992,Forest,77.47449997,Hocking
39059,1992,Forest,62.59932414,Guernsey
39031,1992,Agriculture,43.29888137,Coshocton
39015,1992,Agriculture,67.68719128,Brown
39071,1992,Agriculture,75.59160718,Highland
39075,1992,Agriculture,60.56105611,Holmes
39079,1992,Agriculture,31.88969621,Jackson
39081,1992,Agriculture,29.16642121,Jefferson
39083,1992,Agriculture,63.64589029,Knox
39121,1992,Agriculture,33.50429389,Noble
39125,1992,Agriculture,93.00691244,Paulding
39131,1992,Agriculture,32.0250068,Pike
39149,1992,Agriculture,88.43125734,Shelby
39113,1992,Agriculture,55.84294173,Montgomery
39109,1992,Agriculture,86.02473498,Miami
39017,1992,Agriculture,62.69959439,Butler
39107,1992,Agriculture,89.38382345,Mercer
39135,1992,Agriculture,85.36185141,Preble
39001,1992,Agriculture,41.00358128,Adams
39137,1992,Agriculture,94.10064773,Putnam
39003,1992,Agriculture,83.47764204,Allen
39139,1992,Agriculture,59.63718821,Richland
39141,1992,Agriculture,54.81680134,Ross
39007,1992,Agriculture,39.77624375,Ashtabula
39145,1992,Agriculture,23.78378378,Scioto
39009,1992,Agriculture,29.52367397,Athens
39147,1992,Agriculture,88.30925045,Seneca
39011,1992,Agriculture,88.01104641,Auglaize
39013,1992,Agriculture,38.56983738,Belmont
39151,1992,Agriculture,53.98627573,Stark
39173,1992,Agriculture,90.39343752,Wood
39039,1992,Agriculture,86.12049878,Defiance
39041,1992,Agriculture,71.70677644,Delaware
39043,1992,Agriculture,67.00645282,Erie
39123,1992,Agriculture,75.33127609,Ottawa
39127,1992,Agriculture,42.43682733,Perry
39019,1992,Agriculture,42.0068953,Carroll
39163,1992,Agriculture,19.08223799,Vinton
39165,1992,Agriculture,67.7430823,Warren
39067,1992,Agriculture,34.08756979,Harrison
39129,1992,Agriculture,88.4970933,Pickaway
39143,1992,Agriculture,86.11403817,Sandusky
39153,1992,Agriculture,23.88419783,Summit
39021,1992,Agriculture,87.47474747,Champaign
39023,1992,Agriculture,78.99129391,Clark
39025,1992,Agriculture,47.77043332,Clermont
39085,1992,Agriculture,20.38389318,Lake
39087,1992,Agriculture,15.88424777,Lawrence
39091,1992,Agriculture,80.45905707,Logan
39093,1992,Agriculture,56.95299521,Lorain
39095,1992,Agriculture,49.53394546,Lucas
39097,1992,Agriculture,93.15881867,Madison
39101,1992,Agriculture,87.72097468,Marion
39103,1992,Agriculture,59.82086828,Medina
39105,1992,Agriculture,32.35162874,Meigs
39111,1992,Agriculture,24.22819146,Monroe
39115,1992,Agriculture,34.13629341,Morgan
39117,1992,Agriculture,75.46208531,Morrow
39119,1992,Agriculture,43.67263464,Muskingum
39175,1992,Agriculture,89.01521881,Wyandot
39047,1992,Agriculture,93.89037037,Fayette
39051,1992,Agriculture,91.03566773,Fulton
39053,1992,Agriculture,33.95637034,Gallia
39055,1992,Agriculture,31.49592343,Geauga
39057,1992,Agriculture,76.38727653,Greene
39063,1992,Agriculture,89.68214496,Hancock
39065,1992,Agriculture,91.36923077,Hardin
39069,1992,Agriculture,92.76187191,Henry
39159,1992,Agriculture,88.29087694,Union
39161,1992,Agriculture,94.55978357,Van Wert
39167,1992,Agriculture,33.94197759,Washington
39033,1992,Agriculture,86.836429,Crawford
39169,1992,Agriculture,76.56358281,Wayne
39035,1992,Agriculture,8.387639268,Cuyahoga
39037,1992,Agriculture,92.55725959,Darke
39171,1992,Agriculture,84.05838417,Williams
39027,1992,Agriculture,87.27549289,Clinton
39061,1992,Agriculture,15.73224203,Hamilton
39049,1992,Agriculture,42.47815092,Franklin
39005,1992,Agriculture,63.70680391,Ashland
39077,1992,Agriculture,78.54536609,Huron
39155,1992,Agriculture,36.87106322,Trumbull
39133,1992,Agriculture,41.86847899,Portage
39157,1992,Agriculture,40.06927431,Tuscarawas
39099,1992,Agriculture,40.75398853,Mahoning
39029,1992,Agriculture,49.00739939,Columbiana
39045,1992,Agriculture,70.78390434,Fairfield
39089,1992,Agriculture,59.31114388,Licking
39073,1992,Agriculture,20.85019089,Hocking
39059,1992,Agriculture,33.48707645,Guernsey
39031,1992,Nontarget,2.126664115,Coshocton
39015,1992,Nontarget,0.723822566,Brown
39071,1992,Nontarget,1.064243997,Highland
39075,1992,Nontarget,0.796631387,Holmes
39079,1992,Nontarget,0.675095829,Jackson
39081,1992,Nontarget,2.303387334,Jefferson
39083,1992,Nontarget,0.856570075,Knox
39121,1992,Nontarget,1.860687023,Noble
39125,1992,Nontarget,0.616359447,Paulding
39131,1992,Nontarget,0.831747758,Pike
39149,1992,Nontarget,0.481786134,Shelby
39113,1992,Nontarget,0.862158513,Montgomery
39109,1992,Nontarget,0.453474676,Miami
39017,1992,Nontarget,0.996046619,Butler
39107,1992,Nontarget,3.65934458,Mercer
39135,1992,Nontarget,0.413059469,Preble
39001,1992,Nontarget,0.609228996,Adams
39137,1992,Nontarget,0.259093174,Putnam
39003,1992,Nontarget,0.723520342,Allen
39139,1992,Nontarget,1.307473344,Richland
39141,1992,Nontarget,0.947339092,Ross
39007,1992,Nontarget,4.383310096,Ashtabula
39145,1992,Nontarget,0.908734822,Scioto
39009,1992,Nontarget,0.830249549,Athens
39147,1992,Nontarget,0.375431091,Seneca
39011,1992,Nontarget,1.152668548,Auglaize
39013,1992,Nontarget,1.942526175,Belmont
39151,1992,Nontarget,2.129340819,Stark
39173,1992,Nontarget,0.828084908,Wood
39039,1992,Nontarget,1.054655635,Defiance
39041,1992,Nontarget,3.108507494,Delaware
39043,1992,Nontarget,4.685308146,Erie
39123,1992,Nontarget,10.40116174,Ottawa
39127,1992,Nontarget,1.158165653,Perry
39019,1992,Nontarget,1.596806387,Carroll
39163,1992,Nontarget,0.62812609,Vinton
39165,1992,Nontarget,1.736090537,Warren
39067,1992,Nontarget,3.126652953,Harrison
39129,1992,Nontarget,1.034022682,Pickaway
39143,1992,Nontarget,2.277250907,Sandusky
39153,1992,Nontarget,3.165029582,Summit
39021,1992,Nontarget,0.426487093,Champaign
39023,1992,Nontarget,1.266886821,Clark
39025,1992,Nontarget,1.442660791,Clermont
39085,1992,Nontarget,3.400792823,Lake
39087,1992,Nontarget,0.739293447,Lawrence
39091,1992,Nontarget,2.010959471,Logan
39093,1992,Nontarget,1.114042803,Lorain
39095,1992,Nontarget,5.05703951,Lucas
39097,1992,Nontarget,0.387236679,Madison
39101,1992,Nontarget,0.549450549,Marion
39103,1992,Nontarget,1.146671231,Medina
39105,1992,Nontarget,1.126729139,Meigs
39111,1992,Nontarget,0.934086231,Monroe
39115,1992,Nontarget,1.624992848,Morgan
39117,1992,Nontarget,0.521327014,Morrow
39119,1992,Nontarget,2.131247533,Muskingum
39175,1992,Nontarget,0.882335524,Wyandot
39047,1992,Nontarget,0.183703704,Fayette
39051,1992,Nontarget,0.355492357,Fulton
39053,1992,Nontarget,1.188037689,Gallia
39055,1992,Nontarget,3.993855607,Geauga
39057,1992,Nontarget,0.406315301,Greene
39063,1992,Nontarget,0.574218927,Hancock
39065,1992,Nontarget,0.184615385,Hardin
39069,1992,Nontarget,0.994595838,Henry
39159,1992,Nontarget,0.281814665,Union
39161,1992,Nontarget,0.194083397,Van Wert
39167,1992,Nontarget,1.248726751,Washington
39033,1992,Nontarget,0.461354104,Crawford
39169,1992,Nontarget,1.732501733,Wayne
39035,1992,Nontarget,1.129913811,Cuyahoga
39037,1992,Nontarget,0.16101115,Darke
39171,1992,Nontarget,0.68418952,Williams
39027,1992,Nontarget,0.438776107,Clinton
39061,1992,Nontarget,1.525869629,Hamilton
39049,1992,Nontarget,1.543853423,Franklin
39005,1992,Nontarget,1.046320909,Ashland
39077,1992,Nontarget,0.583799562,Huron
39155,1992,Nontarget,4.853153222,Trumbull
39133,1992,Nontarget,5.604479755,Portage
39157,1992,Nontarget,2.344344006,Tuscarawas
39099,1992,Nontarget,4.110600125,Mahoning
39029,1992,Nontarget,1.750586537,Columbiana
39045,1992,Nontarget,0.92531081,Fairfield
39089,1992,Nontarget,0.491538516,Licking
39073,1992,Nontarget,0.700894638,Hocking
39059,1992,Nontarget,2.050415563,Guernsey
39125,2016,Developed,6.741433218,Paulding
39137,2016,Developed,7.409323376,Putnam
39003,2016,Developed,17.38040901,Allen
39039,2016,Developed,7.957311318,Defiance
39175,2016,Developed,6.566193606,Wyandot
39063,2016,Developed,10.57838789,Hancock
39065,2016,Developed,6.027617566,Hardin
39161,2016,Developed,7.348106201,Van Wert
39147,2016,Developed,7.749126888,Seneca
39173,2016,Developed,13.59591827,Wood
39123,2016,Developed,14.20226823,Ottawa
39143,2016,Developed,10.22694035,Sandusky
39095,2016,Developed,45.11309197,Lucas
39051,2016,Developed,8.249231932,Fulton
39069,2016,Developed,7.354329144,Henry
39171,2016,Developed,8.104626148,Williams
39139,2016,Developed,13.50202644,Richland
39043,2016,Developed,16.92569525,Erie
39093,2016,Developed,26.80096907,Lorain
39103,2016,Developed,20.83016723,Medina
39033,2016,Developed,8.641721769,Crawford
39169,2016,Developed,11.81062089,Wayne
39005,2016,Developed,7.8738317,Ashland
39077,2016,Developed,7.936144274,Huron
39007,2016,Developed,9.856836957,Ashtabula
39151,2016,Developed,30.52765738,Stark
39153,2016,Developed,55.85151538,Summit
39155,2016,Developed,18.48202705,Trumbull
39133,2016,Developed,16.62931183,Portage
39099,2016,Developed,28.15511915,Mahoning
39031,2016,Developed,6.549434665,Coshocton
39083,2016,Developed,7.142679023,Knox
39127,2016,Developed,6.156631236,Perry
39119,2016,Developed,9.100688924,Muskingum
39045,2016,Developed,12.63730782,Fairfield
39089,2016,Developed,11.62485838,Licking
39059,2016,Developed,8.093286853,Guernsey
39041,2016,Developed,19.05266997,Delaware
39129,2016,Developed,6.902268527,Pickaway
39097,2016,Developed,5.971561726,Madison
39101,2016,Developed,9.95189409,Marion
39117,2016,Developed,6.108792393,Morrow
39047,2016,Developed,6.157762638,Fayette
39159,2016,Developed,8.788100091,Union
39049,2016,Developed,62.72083959,Franklin
39149,2016,Developed,8.213216008,Shelby
39113,2016,Developed,44.5330826,Montgomery
39109,2016,Developed,12.91604478,Miami
39107,2016,Developed,7.628479127,Mercer
39011,2016,Developed,9.008561921,Auglaize
39021,2016,Developed,6.215284204,Champaign
39023,2016,Developed,16.63683388,Clark
39091,2016,Developed,8.596512521,Logan
39037,2016,Developed,7.204705975,Darke
39017,2016,Developed,32.04590409,Butler
39135,2016,Developed,6.94188175,Preble
39165,2016,Developed,23.92822173,Warren
39025,2016,Developed,16.73935815,Clermont
39057,2016,Developed,20.80134992,Greene
39027,2016,Developed,7.652962358,Clinton
39061,2016,Developed,55.99614269,Hamilton
39015,2016,Developed,6.449192292,Brown
39071,2016,Developed,5.714155773,Highland
39079,2016,Developed,6.684143275,Jackson
39131,2016,Developed,5.797267068,Pike
39001,2016,Developed,5.161659327,Adams
39141,2016,Developed,6.449094097,Ross
39145,2016,Developed,7.071773034,Scioto
39087,2016,Developed,8.744024859,Lawrence
39121,2016,Developed,6.049821147,Noble
39009,2016,Developed,7.854447226,Athens
39163,2016,Developed,4.522787699,Vinton
39105,2016,Developed,6.280339976,Meigs
39111,2016,Developed,6.181423197,Monroe
39115,2016,Developed,5.440862218,Morgan
39053,2016,Developed,6.63184216,Gallia
39167,2016,Developed,8.501298837,Washington
39073,2016,Developed,5.972203189,Hocking
39075,2016,Developed,6.732882066,Holmes
39081,2016,Developed,10.1421371,Jefferson
39013,2016,Developed,9.134452552,Belmont
39019,2016,Developed,7.125736612,Carroll
39067,2016,Developed,6.394901073,Harrison
39157,2016,Developed,10.71633844,Tuscarawas
39029,2016,Developed,11.77621743,Columbiana
39085,2016,Developed,47.76462745,Lake
39055,2016,Developed,16.10168698,Geauga
39035,2016,Developed,77.02626895,Cuyahoga
39125,2016,Forest,5.86673259,Paulding
39137,2016,Forest,3.777666487,Putnam
39003,2016,Forest,8.416807308,Allen
39039,2016,Forest,12.0683623,Defiance
39175,2016,Forest,9.768409994,Wyandot
39063,2016,Forest,6.640178434,Hancock
39065,2016,Forest,7.666935197,Hardin
39161,2016,Forest,3.388033757,Van Wert
39147,2016,Forest,9.049132481,Seneca
39173,2016,Forest,4.99655358,Wood
39123,2016,Forest,4.218705254,Ottawa
39143,2016,Forest,7.748997553,Sandusky
39095,2016,Forest,13.77899605,Lucas
39051,2016,Forest,7.781096616,Fulton
39069,2016,Forest,4.967297534,Henry
39171,2016,Forest,13.45737605,Williams
39139,2016,Forest,34.09775149,Richland
39043,2016,Forest,19.47695091,Erie
39093,2016,Forest,28.85728998,Lorain
39103,2016,Forest,33.31430247,Medina
39033,2016,Forest,10.363094,Crawford
39169,2016,Forest,19.62253418,Wayne
39005,2016,Forest,34.22236556,Ashland
39077,2016,Forest,18.35323132,Huron
39007,2016,Forest,52.41019931,Ashtabula
39151,2016,Forest,26.26344358,Stark
39153,2016,Forest,32.26830822,Summit
39155,2016,Forest,45.36632644,Trumbull
39133,2016,Forest,43.71673731,Portage
39099,2016,Forest,34.60078501,Mahoning
39031,2016,Forest,59.18482721,Coshocton
39083,2016,Forest,34.78108795,Knox
39127,2016,Forest,60.50060063,Perry
39119,2016,Forest,57.95476447,Muskingum
39045,2016,Forest,25.5513495,Fairfield
39089,2016,Forest,36.37131156,Licking
39059,2016,Forest,63.65734758,Guernsey
39041,2016,Forest,18.98398322,Delaware
39129,2016,Forest,8.868110581,Pickaway
39097,2016,Forest,4.889607846,Madison
39101,2016,Forest,7.9688262,Marion
39117,2016,Forest,25.54704553,Morrow
39047,2016,Forest,5.146559957,Fayette
39159,2016,Forest,9.759526117,Union
39049,2016,Forest,9.731539551,Franklin
39149,2016,Forest,9.932227769,Shelby
39113,2016,Forest,13.05224939,Montgomery
39109,2016,Forest,9.1692673,Miami
39107,2016,Forest,5.252502564,Mercer
39011,2016,Forest,7.616071822,Auglaize
39021,2016,Forest,12.13679994,Champaign
39023,2016,Forest,10.55379981,Clark
39091,2016,Forest,15.98948053,Logan
39037,2016,Forest,6.125683516,Darke
39017,2016,Forest,21.7833679,Butler
39135,2016,Forest,15.93370204,Preble
39165,2016,Forest,30.08518957,Warren
39025,2016,Forest,50.84831911,Clermont
39057,2016,Forest,14.27201457,Greene
39027,2016,Forest,15.12882859,Clinton
39061,2016,Forest,32.63000535,Hamilton
39015,2016,Forest,38.65097589,Brown
39071,2016,Forest,32.10484705,Highland
39079,2016,Forest,65.6199662,Jackson
39131,2016,Forest,64.27275474,Pike
39001,2016,Forest,63.08347015,Adams
39141,2016,Forest,47.20736678,Ross
39145,2016,Forest,70.12871203,Scioto
39087,2016,Forest,79.59400597,Lawrence
39121,2016,Forest,69.74333832,Noble
39009,2016,Forest,74.06110631,Athens
39163,2016,Forest,79.82163418,Vinton
39105,2016,Forest,70.62379112,Meigs
39111,2016,Forest,77.11493045,Monroe
39115,2016,Forest,71.49285207,Morgan
39053,2016,Forest,66.12844965,Gallia
39167,2016,Forest,66.75032362,Washington
39073,2016,Forest,80.28973543,Hocking
39075,2016,Forest,40.82422687,Holmes
39081,2016,Forest,65.98077991,Jefferson
39013,2016,Forest,58.63956627,Belmont
39019,2016,Forest,56.20260904,Carroll
39067,2016,Forest,62.84210491,Harrison
39157,2016,Forest,54.08839688,Tuscarawas
39029,2016,Forest,46.79293804,Columbiana
39085,2016,Forest,34.43482779,Lake
39055,2016,Forest,55.22257003,Geauga
39035,2016,Forest,19.79426351,Cuyahoga
39125,2016,Agriculture,85.54022968,Paulding
39137,2016,Agriculture,87.77996533,Putnam
39003,2016,Agriculture,72.15533675,Allen
39039,2016,Agriculture,77.81614837,Defiance
39175,2016,Agriculture,81.32365895,Wyandot
39063,2016,Agriculture,81.39721411,Hancock
39065,2016,Agriculture,85.41907415,Hardin
39161,2016,Agriculture,88.61400851,Van Wert
39147,2016,Agriculture,82.05168976,Seneca
39173,2016,Agriculture,79.71774629,Wood
39123,2016,Agriculture,60.32531445,Ottawa
39143,2016,Agriculture,76.0906379,Sandusky
39095,2016,Agriculture,33.7452501,Lucas
39051,2016,Agriculture,83.08066653,Fulton
39069,2016,Agriculture,86.33864852,Henry
39171,2016,Agriculture,76.91048232,Williams
39139,2016,Agriculture,50.87682851,Richland
39043,2016,Agriculture,56.08568175,Erie
39093,2016,Agriculture,42.86400651,Lorain
39103,2016,Agriculture,44.33579968,Medina
39033,2016,Agriculture,80.14006373,Crawford
39169,2016,Agriculture,67.10572112,Wayne
39005,2016,Agriculture,56.49304639,Ashland
39077,2016,Agriculture,72.4277647,Huron
39007,2016,Agriculture,33.54477022,Ashtabula
39151,2016,Agriculture,40.1804436,Stark
39153,2016,Agriculture,8.464930788,Summit
39155,2016,Agriculture,30.94546325,Trumbull
39133,2016,Agriculture,33.53085909,Portage
39099,2016,Agriculture,32.46779047,Mahoning
39031,2016,Agriculture,31.97279287,Coshocton
39083,2016,Agriculture,56.69873886,Knox
39127,2016,Agriculture,30.81634647,Perry
39119,2016,Agriculture,28.82831259,Muskingum
39045,2016,Agriculture,60.14314998,Fairfield
39089,2016,Agriculture,50.49723539,Licking
39059,2016,Agriculture,25.0102095,Guernsey
39041,2016,Agriculture,57.71008723,Delaware
39129,2016,Agriculture,82.61271443,Pickaway
39097,2016,Agriculture,88.47310987,Madison
39101,2016,Agriculture,80.4660588,Marion
39117,2016,Agriculture,67.47086817,Morrow
39047,2016,Agriculture,88.25310022,Fayette
39159,2016,Agriculture,80.49582424,Union
39049,2016,Agriculture,24.79121056,Franklin
39149,2016,Agriculture,80.18724088,Shelby
39113,2016,Agriculture,40.66599047,Montgomery
39109,2016,Agriculture,76.17562754,Miami
39107,2016,Agriculture,82.7666826,Mercer
39011,2016,Agriculture,81.34568182,Auglaize
39021,2016,Agriculture,80.41869483,Champaign
39023,2016,Agriculture,70.18186034,Clark
39091,2016,Agriculture,72.46992442,Logan
39037,2016,Agriculture,85.88016244,Darke
39017,2016,Agriculture,44.35512077,Butler
39135,2016,Agriculture,76.07541532,Preble
39165,2016,Agriculture,43.36795617,Warren
39025,2016,Agriculture,29.97260758,Clermont
39057,2016,Agriculture,63.53051737,Greene
39027,2016,Agriculture,76.47545003,Clinton
39061,2016,Agriculture,8.437661862,Hamilton
39015,2016,Agriculture,53.22431431,Brown
39071,2016,Agriculture,60.26761879,Highland
39079,2016,Agriculture,22.86863691,Jackson
39131,2016,Agriculture,24.46364361,Pike
39001,2016,Agriculture,29.6605006,Adams
39141,2016,Agriculture,43.5799927,Ross
39145,2016,Agriculture,18.68738543,Scioto
39087,2016,Agriculture,9.768703987,Lawrence
39121,2016,Agriculture,18.90763374,Noble
39009,2016,Agriculture,16.20905022,Athens
39163,2016,Agriculture,11.28988632,Vinton
39105,2016,Agriculture,19.93693544,Meigs
39111,2016,Agriculture,15.18014392,Monroe
39115,2016,Agriculture,20.39732032,Morgan
39053,2016,Agriculture,23.90145048,Gallia
39167,2016,Agriculture,21.95072022,Washington
39073,2016,Agriculture,11.97862516,Hocking
39075,2016,Agriculture,51.4689135,Holmes
39081,2016,Agriculture,20.67054121,Jefferson
39013,2016,Agriculture,27.95924677,Belmont
39019,2016,Agriculture,33.8621205,Carroll
39067,2016,Agriculture,25.92329606,Harrison
39157,2016,Agriculture,31.18164794,Tuscarawas
39029,2016,Agriculture,39.03414876,Columbiana
39085,2016,Agriculture,13.17213585,Lake
39055,2016,Agriculture,24.84827188,Geauga
39035,2016,Agriculture,1.51236304,Cuyahoga
39125,2016,Nontarget,1.851604517,Paulding
39137,2016,Nontarget,1.033044806,Putnam
39003,2016,Nontarget,2.047446926,Allen
39039,2016,Nontarget,2.158178012,Defiance
39175,2016,Nontarget,2.341737449,Wyandot
39063,2016,Nontarget,1.384219558,Hancock
39065,2016,Nontarget,0.886373085,Hardin
39161,2016,Nontarget,0.649851529,Van Wert
39147,2016,Nontarget,1.150050875,Seneca
39173,2016,Nontarget,1.689781854,Wood
39123,2016,Nontarget,21.25371206,Ottawa
39143,2016,Nontarget,5.933424201,Sandusky
39095,2016,Nontarget,7.362661887,Lucas
39051,2016,Nontarget,0.88900492,Fulton
39069,2016,Nontarget,1.339724803,Henry
39171,2016,Nontarget,1.527515478,Williams
39139,2016,Nontarget,1.523393558,Richland
39043,2016,Nontarget,7.511672082,Erie
39093,2016,Nontarget,1.477734445,Lorain
39103,2016,Nontarget,1.519730622,Medina
39033,2016,Nontarget,0.855120498,Crawford
39169,2016,Nontarget,1.461123815,Wayne
39005,2016,Nontarget,1.410756345,Ashland
39077,2016,Nontarget,1.282859705,Huron
39007,2016,Nontarget,4.188193517,Ashtabula
39151,2016,Nontarget,3.028455443,Stark
39153,2016,Nontarget,3.415245613,Summit
39155,2016,Nontarget,5.206183258,Trumbull
39133,2016,Nontarget,6.123091767,Portage
39099,2016,Nontarget,4.776305366,Mahoning
39031,2016,Nontarget,2.292945255,Coshocton
39083,2016,Nontarget,1.377494169,Knox
39127,2016,Nontarget,2.526421665,Perry
39119,2016,Nontarget,4.11623402,Muskingum
39045,2016,Nontarget,1.668192689,Fairfield
39089,2016,Nontarget,1.506594669,Licking
39059,2016,Nontarget,3.239156068,Guernsey
39041,2016,Nontarget,4.253259581,Delaware
39129,2016,Nontarget,1.616906461,Pickaway
39097,2016,Nontarget,0.665720558,Madison
39101,2016,Nontarget,1.613220911,Marion
39117,2016,Nontarget,0.873293908,Morrow
39047,2016,Nontarget,0.442577189,Fayette
39159,2016,Nontarget,0.956549548,Union
39049,2016,Nontarget,2.756410297,Franklin
39149,2016,Nontarget,1.66731534,Shelby
39113,2016,Nontarget,1.748677534,Montgomery
39109,2016,Nontarget,1.73906038,Miami
39107,2016,Nontarget,4.352335714,Mercer
39011,2016,Nontarget,2.029684438,Auglaize
39021,2016,Nontarget,1.229221033,Champaign
39023,2016,Nontarget,2.627505976,Clark
39091,2016,Nontarget,2.944082536,Logan
39037,2016,Nontarget,0.789448064,Darke
39017,2016,Nontarget,1.815607242,Butler
39135,2016,Nontarget,1.049000895,Preble
39165,2016,Nontarget,2.618632532,Warren
39025,2016,Nontarget,2.439715155,Clermont
39057,2016,Nontarget,1.396118135,Greene
39027,2016,Nontarget,0.742759026,Clinton
39061,2016,Nontarget,2.936190103,Hamilton
39015,2016,Nontarget,1.675517505,Brown
39071,2016,Nontarget,1.913378385,Highland
39079,2016,Nontarget,4.827253617,Jackson
39131,2016,Nontarget,5.466334586,Pike
39001,2016,Nontarget,2.094369929,Adams
39141,2016,Nontarget,2.763546423,Ross
39145,2016,Nontarget,4.112129502,Scioto
39087,2016,Nontarget,1.893265189,Lawrence
39121,2016,Nontarget,5.299206798,Noble
39009,2016,Nontarget,1.875396244,Athens
39163,2016,Nontarget,4.365691796,Vinton
39105,2016,Nontarget,3.158933463,Meigs
39111,2016,Nontarget,1.523502437,Monroe
39115,2016,Nontarget,2.668965387,Morgan
39053,2016,Nontarget,3.338257713,Gallia
39167,2016,Nontarget,2.797657316,Washington
39073,2016,Nontarget,1.759436219,Hocking
39075,2016,Nontarget,0.973977561,Holmes
39081,2016,Nontarget,3.206541783,Jefferson
39013,2016,Nontarget,4.266734405,Belmont
39019,2016,Nontarget,2.809533846,Carroll
39067,2016,Nontarget,4.839697964,Harrison
39157,2016,Nontarget,4.013616738,Tuscarawas
39029,2016,Nontarget,2.396695772,Columbiana
39085,2016,Nontarget,4.628408917,Lake
39055,2016,Nontarget,3.827471107,Geauga
39035,2016,Nontarget,1.667104495,Cuyahoga
